Driver-ID,Driver-Email,SSN,Phone,Job-Number
46,Vincen.DAVI9004@live.com,30429419,(510) 962-2182,1000
83,Memp.WOODAR4654@gmail.com,71638765,(224) 364-2848,1001
16,Mat.DELEON8385@yahoo.com,4415305,(385) 309-8238,1002
34,Vanes.L5946@gmail.com,15749707,(951) 619-3447,1003
21,Zai.IRWI2462@yahoo.com,6476330,(989) 322-1239,1004
78,Bia.COX2833@hushmail.com,15025928,(203) 390-7596,1005
26,Veronica.DORSEY5412@live.com,38460901,(843) 162-3918,1006
9,B.PICKE8599@live.com,17109942,(309) 621-6767,1007
50,Kinsey.LE1477@mail2web.com,55462106,(301) 987-1480,1008
27,Patricia.MCCORMI1104@gmail.com,46826980,(717) 686-3573,1009
83,Rosalie.OC6421@yahoo.com,65944032,(630) 923-7481,1010
80,Lia.GREE2350@live.com,37442835,(309) 278-4064,1011
40,Karter.DO1186@gmail.com,13282911,(320) 879-5530,1012
36,Ilian.MERRIL4925@hushmail.com,19466968,(606) 996-3140,1013
61,Cla.SCHMIDT5522@mail2web.com,35473492,(607) 176-8039,1014
81,Ci.HAMILT2362@gmail.com,76388915,(617) 480-6340,1015
71,Muham.WO8013@mail2web.com,86071166,(309) 148-5034,1016
77,Adon.SULLI6130@gmail.com,59236806,(432) 255-6551,1017
90,Brod.BEASLEY3759@hushmail.com,35798905,(386) 872-5996,1018
21,Brenn.MCC9760@yahoo.com,28971882,(267) 449-4682,1019